{"cameraMode":{"drawMode":0,"name":"Shaded","section":"Shading Mode"},"sceneLighting":false,"audioPlay":false,"sceneViewState":{"showFog":true,"showMaterialUpdate":false,"showSkybox":false,"showFlares":true,"showImageEffects":true,"showParticleSystems":true},"in2DMode":false,"pivot":{"x":-0.5607060194015503,"y":0.5169072151184082,"z":41.923763275146487},"rotation":{"x":0.08376765996217728,"y":-0.056169286370277408,"z":0.004729719366878271,"w":0.9948901534080505},"size":5.724745750427246,"orthographic":false}