{"cameraMode":{"drawMode":0,"name":"Shaded","section":"Shading Mode"},"sceneLighting":false,"audioPlay":false,"sceneViewState":{"showFog":true,"showMaterialUpdate":false,"showSkybox":false,"showFlares":true,"showImageEffects":true,"showParticleSystems":true},"in2DMode":false,"pivot":{"x":2.384185791015625e-7,"y":0.08088449388742447,"z":-1.7881393432617188e-7},"rotation":{"x":-0.03499072045087814,"y":0.44083115458488467,"z":0.017201140522956849,"w":0.8967431783676148},"size":1.7841194868087769,"orthographic":false}